env_steps,wall_clock_s,success_rate,mean_return,critic_loss
10000,37.8,0.0,-49.7,0.08037904193038276
20000,80.7,0.05,-47.5,0.18917378358840942
30000,124.2,0.05,-47.5,0.18529689652621745
40000,170.1,0.05,-47.5,0.1779836018577218
50000,216.7,0.05,-47.5,0.23853956243842842
