env_steps,wall_clock_s,success_rate,mean_return,critic_loss
10000,27.1,0.05,-47.5,0.12392579843984783
20000,57.7,0.05,-47.5,0.15513713298290968
