env_steps,wall_clock_s,success_rate,mean_return,critic_loss
10000,36.0,0.05,-47.5,0.23751221597194672
20000,79.5,0.05,-47.5,0.23092439770698547
30000,121.4,0.05,-47.5,0.16170665621757507
40000,164.7,0.05,-47.5,0.07696235924959183
50000,209.9,0.05,-47.5,0.19475865364074707
60000,258.7,0.05,-47.5,0.33413514494895935
70000,316.8,0.05,-47.5,0.29654383659362793
80000,380.7,0.05,-47.5,0.14584724605083466
90000,449.2,0.05,-47.5,0.17339342832565308
